{"cameraMode":{"drawMode":0,"name":"Shaded","section":"Shading Mode"},"sceneLighting":false,"audioPlay":false,"sceneViewState":{"m_AlwaysRefresh":false,"showFog":true,"showSkybox":false,"showFlares":true,"showImageEffects":true,"showParticleSystems":true,"showVisualEffectGraphs":true,"m_FxEnabled":true},"in2DMode":false,"pivot":{"x":-197.37164306640626,"y":9.213966369628907,"z":-377.9761657714844},"rotation":{"x":0.3343867361545563,"y":0.048067327588796619,"z":-0.016998305916786195,"w":0.9411057233810425},"size":15.886953353881836,"orthographic":false}