{"cameraMode":{"drawMode":0,"name":"Shaded","section":"Shading Mode"},"sceneLighting":false,"audioPlay":false,"sceneViewState":{"m_AlwaysRefresh":false,"showFog":true,"showSkybox":false,"showFlares":true,"showImageEffects":true,"showParticleSystems":true,"showVisualEffectGraphs":true,"m_FxEnabled":true},"in2DMode":false,"pivot":{"x":-289.9431457519531,"y":11.772692680358887,"z":-514.02001953125},"rotation":{"x":-0.6656818389892578,"y":0.0006780441617593169,"z":-0.0006021912558935583,"w":-0.7462480664253235},"size":10.090879440307618,"orthographic":false}