{"cameraMode":{"drawMode":0,"name":"Shaded","section":"Shading Mode"},"sceneLighting":true,"audioPlay":false,"sceneViewState":{"m_AlwaysRefresh":false,"showFog":true,"showSkybox":true,"showFlares":true,"showImageEffects":true,"showParticleSystems":true,"showVisualEffectGraphs":true,"m_FxEnabled":true},"in2DMode":false,"pivot":{"x":-0.08863449096679688,"y":105.1085205078125,"z":493.420166015625},"rotation":{"x":0.27769333124160769,"y":-0.00720549002289772,"z":0.0020823818631470205,"w":0.9606462121009827},"size":1087.35888671875,"orthographic":false}