{"cameraMode":{"drawMode":0,"name":"Shaded","section":"Shading Mode"},"sceneLighting":true,"audioPlay":false,"sceneViewState":{"showFog":true,"showMaterialUpdate":false,"showSkybox":true,"showFlares":true,"showImageEffects":true,"showParticleSystems":true},"in2DMode":false,"pivot":{"x":-318.91705322265627,"y":-2.3931617736816408,"z":-486.5451354980469},"rotation":{"x":0.5953878164291382,"y":0.03371794521808624,"z":-0.02502201311290264,"w":0.8023478984832764},"size":231.7285614013672,"orthographic":false}