{"cameraMode":{"drawMode":0,"name":"Shaded","section":"Shading Mode"},"sceneLighting":false,"audioPlay":false,"sceneViewState":{"m_AlwaysRefresh":false,"showFog":true,"showSkybox":false,"showFlares":true,"showImageEffects":true,"showParticleSystems":true,"showVisualEffectGraphs":true,"m_FxEnabled":true},"in2DMode":false,"pivot":{"x":-229.87098693847657,"y":57.12675476074219,"z":-398.33880615234377},"rotation":{"x":0.19593708217144013,"y":-0.04262492433190346,"z":0.008602430112659932,"w":0.9796996712684631},"size":9.654629707336426,"orthographic":false}